<?xml version="1.0" encoding="UTF-8"?>
<project-private xmlns="http://www.netbeans.org/ns/project-private/1">
    <editor-bookmarks xmlns="http://www.netbeans.org/ns/editor-bookmarks/2" lastBookmarkId="0"/>
    <open-files xmlns="http://www.netbeans.org/ns/projectui-open-files/2">
        <group>
            <file>file:/C:/Users/user/Documents/A.PRAKTIKUM/SEMESTER%203/CAPSTONE/PEMELIHARAAN%201/INSTALASI%203/SipMber/src/Model/staff.java</file>
            <file>file:/C:/Users/user/Documents/A.PRAKTIKUM/SEMESTER%203/CAPSTONE/PEMELIHARAAN%201/INSTALASI%203/SipMber/src/Model/staffPelatihan.java</file>
            <file>file:/C:/Users/user/Documents/A.PRAKTIKUM/SEMESTER%203/CAPSTONE/PEMELIHARAAN%201/INSTALASI%203/SipMber/src/Model/admin.java</file>
            <file>file:/C:/Users/user/Documents/A.PRAKTIKUM/SEMESTER%203/CAPSTONE/PEMELIHARAAN%201/INSTALASI%203/SipMber/src/GUI/Login.java</file>
            <file>file:/C:/Users/user/Documents/A.PRAKTIKUM/SEMESTER%203/CAPSTONE/PEMELIHARAAN%201/INSTALASI%203/SipMber/src/Model/roleStaff.java</file>
        </group>
    </open-files>
</project-private>
